Asset_ID,Device_Type,Asset_Make,Model_Details,Purchase Date,Maintanence Period,Maintanence Date(Last),Crticality
PC_101,Personal Computer,HP,ELITE DESK 800 G1 SFF,09-11-2015,6 months,15-01-2026,High
PC_102,Personal Computer,HP,ELITE DESK 800 G2 SFF,02-05-2016,6 months,22-12-2025,High
PC_103,Personal Computer,HP,ELITE DESK 800 G2 SFF,02-06-2016,6 months,08-02-2026,High
PC_104,Personal Computer,HP,ELITE DESK 800 G2 SFF,01-09-2016,6 months,30-11-2025,High
PC_105,Personal Computer,DELL,DELL OPTIPLEX 9020 MT,26-03-2014,6 months,17-01-2026,High
PC_106,Personal Computer,ACER,VERITON M6650G,14-06-2018,12 months,12-09-2025,Medium
PC_107,Personal Computer,ACER,Vertion Desktop M6650G,19-03-2018,12 months,25-10-2025,Medium
PC_108,Personal Computer,HP,Pro One G4,28-08-2019,12 months,05-01-2026,Medium
PC_109,Personal Computer,ACER,Veriton Desktop M6650G,11-03-2022,12 months,18-03-2026,Low
PC_110,Personal Computer,FOXTROT,IC/V/VX,25-09-2023,12 months,14-02-2026,Low
PC_111,Personal Computer,HP,ProOne 440 G9,24-07-2023,12 months,28-01-2026,Low
PC_112,Personal Computer,HP,HP PRO ONE 440 G9 AIO,30-04-2024,12 months,20-04-2026,Low
PC_113,Personal Computer,HP,Pro One 440 G9 AIO,30-04-2025,12 months,10-05-2026,Low
PC_114,Personal Computer,HP,Pro One 440 G9 AIO RCTO/I3,08-10-2025,12 months,15-05-2026,Low
LB101,Laser Printer,HP,PRO 1606DN,09-05-2016,3 months,18-01-2026,High
LB102,Laser Printer,HP,HP 1020PLUS,25-04-2016,3 months,05-02-2026,High
LB103,Laser Printer,SAMSUNG,M2876FD,18-10-2016,3 months,12-12-2025,High
LB104,Laser Printer,CANON,IMAGE CLASS MF244DW,31-08-2017,3 months,25-01-2026,High
LB105,Laser Printer,HP,Laserjet M1213nf MFP,30-11-2022,6 months,14-03-2026,Medium
LB106,Laser Printer,BROTHER PRINTER,DCP-B75DW IND,12-12-2022,6 months,28-02-2026,Medium
LB107,Laser Printer,HP,LaserJet Pro M304-M305,30-05-2023,6 months,10-04-2026,Medium
LB108,Laser Printer,BROTHER PRINTER,DCP-B7535DW IND,12-01-2025,6 months,20-05-2026,Low
LB109,Laser Printer,CWC,CWC M225 Laser Printer,27-02-2026,12 months,27-05-2026,Low
LB110,Laser Printer,CWC,3336 Series MFM,30-04-2026,12 months,30-05-2026,Low
PH101,Photocopier,Toshiba,eSTUDIO 2309A,09-05-2016,6 months,20-01-2026,High
PH102,Photocopier,Sharp,MX-M564N,09-01-2017,6 months,15-02-2026,High
PH103,Photocopier,HP Laserjet MFP,M436,22-03-2018,12 months,10-03-2026,Medium
SR101,Server,HP,HPE PROLIANT DL 20,28-01-2017,6 months,15-01-2026,High
SR102,Server,ACER,ACER SERVER,19-04-2017,6 months,22-02-2026,High
SR103,Server,ACER,ACER ALTOS R380 F3 RACK SRVER,19-04-2017,6 months,05-02-2026,High
SR104,Server,HP,ACER ALTOS R380 F3 RACK SRVER,01-05-2018,6 months,18-03-2026,High
SR105,Server,CYBEROAM,CR50iNG,01-05-2018,6 months,12-01-2026,Critical
SR106,Server,HP,DL SERVER,01-05-2018,6 months,25-02-2026,High
SR107,Server,QNAP NAS DEVICE,SAS-48TB,14-10-2017,6 months,10-03-2026,Critical
SR108,Server,SOPHOS,XG210,26-08-2019,6 months,05-04-2026,Critical
SR109,Server,DELL,PowerEdge R640 Server,19-05-2020,12 months,20-03-2026,High
SR110,Server,SOPHOS,XG210 Firewalls,19-05-2020,6 months ,15-04-2026,Critical
SR111,Server,NETBYTES,SRS1,17-04-2024,12 months,05-05-2026,Medium
SR112,Server,FORTINET,SRS1,25-06-2024,12 months,12-05-2026,High
SR113,Server,HP,DL SERVER,27-10-2024,12 months,18-05-2026,Medium
SR114,Server,LENEVO,SR630,30-04-2024,12 months,22-05-2026,Medium
SR115,Server,QNAP,TS-h1887XU-RP-E2334-16G,30-04-2024,12 months,25-05-2026,High
SR116,Server,HPE,DL360 Gen11,30-10-2024,12 months,28-05-2026,Medium
SR117,Server,SOPHOS,XGS 2100,28-06-2025,12 months,01-06-2026,High
SR118,Server,AICATEL-LUCENT,OV2500,28-06-2025,12 months,03-06-2026,High
SF101,Softwares,ADOBE ACROBAT,DC2015 VER 12,21-04-2017,12 months,15-04-2026,Medium
SF102,Softwares,AUTO CAD,LATEST VERSION,11-04-2017,12 months,10-04-2026,High
SF103,Softwares,MS VISUAL STUDIO,LATEST PROF. OLP,12-04-2017,12 months,12-04-2026,High
SF104,Softwares,AUTO CAD,Latest Version,20-01-2018,12 months,20-01-2026,High
SF105,Softwares,ADOBE ACROBAT,LATEST PROF. OLP,20-01-2018,12 months,18-01-2026,Medium
SF106,Softwares,SQL Server,Latest Version,20-01-2018,6 months,01-03-2026,Critical
SF107,Softwares,AUTO CAD,Latest Version,07-07-2021,12 months,07-04-2026,High
SF108,Softwares,ADOBE ACROBAT PRO,Latest Version,30-03-2024,12 months,30-03-2026,Medium
SF109,Softwares,AUTO CAD,LT LATEST 2025,27-06-2024,12 months,27-05-2026,High
SF110,Softwares,ADOBE ,Acrobat Pro For Teams,19-06-2025,12 months,19-05-2026,Medium
PR101,Projector,BANQ,MS506P,22-01-2016,6 months,12-01-2026,High
PR102,Projector,ACER,X1183G,29-07-2017,6 months,25-02-2026,High
PR103,Projector,HITACHI,CP-EW4051,26-03-2020,12 months,15-03-2026,Medium
PR104,Projector,EPSON,H986C,30-12-2022,12 months,20-04-2026,Medium
PR105,Projector,SONY,WUXGAVPL-CH375,02-11-2017,12 months,05-05-2024,Medium
PR106,Projector,LG,BF50NST-GL,14-05-2024,12 months,18-05-2026,Low
PR107,Projector,EDI,YO526U,31-01-2025,12 months,01-06-2026,Low
FC101,Fixed Camera,HiKVISION,DS2CD4B25G0,31-05-2020,12 months,15-03-2026,High
FC102,Fixed Camera,ADONISAVHELIOS,4K-R Ai Cam,03-06-2023,12 months,20-04-2026,Critical
FC103,Fixed Camera,ADONISAV,Cadmus Lite 12X ,03-10-2023,12 months,05-05-2026,High
FC104,Fixed Camera,WATCHDOG,WDB20MIPVF,09-03-2022,12 months,12-03-2026,High
FC105,Fixed Camera,CP PLUS,CP-UNC-VB1L3-MDS,05-10-2023,12 months,18-04-2026,Critical
FC106,Fixed Camera,CP PLUS,CP-UNC-TA21PL3-V3,27-04-2023,12 months,25-04-2026,Critical
FC107,Fixed Camera,ADONISAV,HELIOS-PRO/2K,25-04-2024,12 months,10-05-2026,High
FC108,Fixed Camera,INDINATUS,IN-IPC2N34P-I3M,15-07-2024,12 months,15-05-2026,High
FC109,Fixed Camera,WATCHDOG,WDB20MIP13A,30-04-2024,12 months,20-05-2026,High
FC110,Fixed Camera,ADONISAV,Helios 4K - 5x VTV V.1,03-01-2025,12 months,25-05-2026,Critical
FC111,Fixed Camera,INDINATUS,IN-IPC2A25P-I10Z(M)SD,30-09-2025,12 months,01-06-2026,Medium
FC112,Fixed Camera,INDINATUS,IN-IPC2A22P-I5(M)SD,30-09-2025,12 months,05-06-2026,Medium
FC113,Fixed Camera,PRAMA,PT-NC343P1-I(D2E),02-06-2025,12 months,10-06-2026,Medium
FC114,Fixed Camera,PRAMA,PT-NC356P6-IZSCKV(D2T),02-06-2025,12 months,15-06-2026,Medium
